{
    "now": "2023-07-23T19:02:48.957Z",
    "perfNow": 11099164.7,
    "diagnosticCorrelation": "e7a20526-9a4a-4000-afb3-aececb146db5",
    "source": "DownloadSupportFiles",
    "environment": {
        "productName": "adf",
        "buildVersion": "1.0.072123.0",
        "environmentType": 3,
        "resourceName": "scd2adfactory",
        "resourceRegion": "eastus",
        "resourceGroup": "scd2",
        "subscriptionId": "7cab912b-db0d-4cad-a9ec-59f7cb5621b3",
        "sessionId": "JlolQDF3Wij1pyd/VChMoI",
        "operationId": "",
        "gitType": "live",
        "loggingKey": "1855afa9-beea-4caf-8df4-de040fbdb0fa"
    },
    "additionalInfo": {
        "selectedResource": "ADE_Analytics_Project",
        "selectedResourceType": "pipeline"
    }
}